{"loss": [10.733118057250977, 2.1605682373046875, 1.9199905395507812, 1.4905905723571777, 1.349680781364441, 1.1650233268737793, 0.8488883376121521, 0.7887240648269653, 0.6960469484329224, 0.5565131902694702, 0.4355652630329132, 0.5935608148574829, 0.6441260576248169, 0.4158097505569458, 0.23318295180797577], "accuracy": [0.12777778506278992, 0.18333333730697632, 0.33888888359069824, 0.5333333611488342, 0.5611110925674438, 0.5722222328186035, 0.7166666388511658, 0.75, 0.8166666626930237, 0.8388888835906982, 0.8888888955116272, 0.8666666746139526, 0.8222222328186035, 0.8833333253860474, 0.9222221970558167], "val_loss": [2.1688692569732666, 2.0436086654663086, 1.5494740009307861, 1.1766152381896973, 1.024458408355713, 0.8792810440063477, 0.6982817649841309, 0.6525747776031494, 0.546341061592102, 0.4031723737716675, 0.25786951184272766, 0.5809232592582703, 0.39710351824760437, 0.23737265169620514, 0.21574236452579498], "val_accuracy": [0.1746031790971756, 0.4444444477558136, 0.6666666865348816, 0.6507936716079712, 0.6507936716079712, 0.6507936716079712, 0.7777777910232544, 0.7460317611694336, 0.8095238208770752, 0.920634925365448, 0.920634925365448, 0.841269850730896, 0.920634925365448, 0.9523809552192688, 0.9523809552192688]}